# Stamp; Host; NProc; X; Y; Z; F; Total FE; Total M; End Time; Dur. Init; Stretch Sim; Int. Init; Main Sim; Total; Total (User); Total (System); ODE; Parabolic; FE; FE before Main Sim; Mem. Consumption after 1st timestep; Memory Consumption At End; Parabolic reason; Newton reason; parabolic n. iter; min; max; newton n. iter; min; max; 1. problem solve; 1.1/2 pre solve; problem_solver_pre_solve; 1.1. problem cellml solve; cellml solve (*); 1.1.1. cellml field2cellml update; 1.1.2. cellml field var get; 1.1.3. cellml data get; 1.1.4. cellml integrate; cellml call rhs; 1.1.5. cellml data restore; 1.1.6. cellml field update; problem_solver_post_solve; 1.2. dynamic linear solve (*); 1.2.1 assemble equations; 1.2.2 get loop time; 1.2.3 solve; 1.2.4 back-substitute; 1.1/2 post solve; 1.2.3.1 dynamic mean predicted calculate; 1.2.3.2 dynamic assemble; 1.2.3.3 solve linear system; 1.2.3.4 update dependent field; 1.3.1 pre solve; 1.3.2 apply incremented BC; 1.3.3 solve; 1.3.3.1 static nonlinear solve (*); 1.3.3.1.1 apply BC, assemble; 1.3.3.1.2 assemble interface conditions; 1.3.3.1.3 solve; 1.3.3.1.3.1 newton update solution vector; 1.3.3.1.3.2 newton Petsc solve; 1.3.3.1.3.3 newton diagnostics; 1.3.3.1.4 update residual; 1.3.4 post solve; (memory consumption, size 1 el., n. objects): distributed vector cmiss DP;;; distributed vector cmiss INTG;;; distributed matrix petsc, compr. row storage diag;;; distributed matrix petsc, compr. row storage, offdiag;;; distributed matrix petsc, compr. row storage, row ind.;;; distributed matrix petsc, compr. row storage, col. ind.;;; distributed matrix petsc, compr. row storage (local to global mapping);;; distributed vector petsc;;; duration FESolverPreLoad; duration OdeSolverPreLoad; duration ParabolicSolverPreLoad; duration FileOutputPreLoad (user); duration export EMG user; duration export EMG system; duration FileOutput (user); duration FileOutput (system); duration FileOutputPreload (system);
17.05.2017 09:47:53;neon;          1;          1;          1;          1;          1;          1;        186;   3.000;.12400001;.00000000;.00000000;.02399999;16.24399948;16.08399963;.16000000;13.29999816;.50000000;.48000193;.13000000;354013184;236867584;      0;      2;      0;*******;      0;      2;      2;      2;;;;;;;;;;;;;;;;;;;;;;;;;;;;;;;;;;;;;;;;;;;;;;;;;;;;;;;;;;;;   0.130;   0.650;   0.010;   0.030;   0.000;   0.000;   0.090;   0.000;   0.000; 1; 1; 1;
17.05.2017 09:48:13;neon;          1;          1;          1;          1;          1;          1;        186;   3.000;.14400000;.00399999;.00000000;.02400000;16.78800011;16.59600067;.19200000;13.76000476;.34999681;.50999999;.13999999;353906688;236793856;      2;      2;      6;      6;      6;      2;      2;      2;;;;;;;;;;;;;;;;;;;;;;;;;;;;;;;;;;;;;;;;;;;;;;;;;;;;;;;;;;;;   0.140;   0.640;   0.010;   0.060;   0.000;   0.000;   0.180;   0.010;   0.000; 2; 1; 1;
17.05.2017 09:48:32;neon;          1;          1;          1;          1;          1;          1;        186;   3.000;.11600000;.00400000;.00000000;.03200000;16.78800011;16.62800026;.16000000;13.73999906;.34999967;.51000023;.12000000;354123776;236834816;      2;      2;      4;      4;      4;      2;      2;      2;;;;;;;;;;;;;;;;;;;;;;;;;;;;;;;;;;;;;;;;;;;;;;;;;;;;;;;;;;;;   0.120;   0.640;   0.010;   0.070;   0.000;   0.000;   0.180;   0.000;   0.000; 4; 1; 1;
17.05.2017 09:48:51;neon;          1;          1;          1;          1;          1;          1;        186;   3.000;.12000000;.00000000;.00000000;.01600000;16.39200020;16.25200081;.14000000;13.30999649;.32000256;.53000188;.17999995;353882112;236814336;      2;      2;      6;      6;      6;      2;      2;      2;;;;;;;;;;;;;;;;;;;;;;;;;;;;;;;;;;;;;;;;;;;;;;;;;;;;;;;;;;;;   0.180;   0.630;   0.010;   0.050;   0.000;   0.000;   0.200;   0.000;   0.000; 3; 1; 1;
17.05.2017 09:49:09;neon;          1;          1;          1;          1;          1;          1;        186;   3.000;.14800000;.00000000;.00000000;.01600000;16.27200127;16.09600067;.17600000;13.45000148;.22999942;.47000051;.11000001;354082816;236793856;      2;      2;      4;      4;      4;      2;      2;      2;;;;;;;;;;;;;;;;;;;;;;;;;;;;;;;;;;;;;;;;;;;;;;;;;;;;;;;;;;;;   0.110;   0.640;   0.000;   0.060;   0.000;   0.000;   0.200;   0.000;   0.000; 3; 2; 1;
17.05.2017 09:49:28;neon;          1;          1;          1;          1;          1;          1;        186;   3.000;.14400000;.00000000;.00000000;.03600000;16.73199844;16.53599930;.19599999;13.72000122;.29000115;.49999928;.13999999;354041856;236752896;      3;      2;      1;      1;      1;      2;      2;      2;;;;;;;;;;;;;;;;;;;;;;;;;;;;;;;;;;;;;;;;;;;;;;;;;;;;;;;;;;;;   0.140;   0.630;   0.020;   0.070;   0.000;   0.000;   0.190;   0.010;   0.000; 3; 3; 1;
17.05.2017 09:49:48;neon;          1;          1;          1;          1;          1;          1;        186;   3.000;.10400000;.00000000;.00399999;.02800000;17.66399956;17.51199913;.15200000;14.62000108;.30999660;.51000214;.11000001;354086912;236797952;      2;      2;      3;      3;      3;      2;      2;      2;;;;;;;;;;;;;;;;;;;;;;;;;;;;;;;;;;;;;;;;;;;;;;;;;;;;;;;;;;;;   0.110;   0.670;   0.010;   0.060;   0.000;   0.000;   0.210;   0.000;   0.000; 3; 4; 1;
17.05.2017 09:50:07;neon;          1;          1;          1;          1;          1;          1;        186;   3.000;.15200000;.00399999;.00000000;.02400000;16.05599976;15.85599995;.20000000;13.09000039;.29000235;.48999834;.13000000;354103296;236814336;      3;      2;      1;      1;      1;      2;      2;      2;;;;;;;;;;;;;;;;;;;;;;;;;;;;;;;;;;;;;;;;;;;;;;;;;;;;;;;;;;;;   0.130;   0.660;   0.000;   0.050;   0.000;   0.000;   0.190;   0.010;   0.000; 3; 5; 1;
17.05.2017 09:50:25;neon;          1;          1;          1;          1;          1;          1;        186;   3.000;.12800001;.00799999;.00400001;.02000000;15.93599987;15.76000023;.17600000;12.99000120;.33999777;.46000051;.12000000;354111488;236822528;      3;      2;      1;      1;      1;      2;      2;      2;;;;;;;;;;;;;;;;;;;;;;;;;;;;;;;;;;;;;;;;;;;;;;;;;;;;;;;;;;;;   0.120;   0.630;   0.010;   0.060;   0.000;   0.000;   0.210;   0.000;   0.000; 3; 6; 1;
17.05.2017 09:50:44;neon;          1;          1;          1;          1;          1;          1;        186;   3.000;.12400001;.00399999;.00000000;.02000000;16.56800079;16.41600037;.15200000;13.60000038;.32000208;.48999739;.13999999;354164736;236875776;      3;      2;      1;      1;      1;      2;      2;      2;;;;;;;;;;;;;;;;;;;;;;;;;;;;;;;;;;;;;;;;;;;;;;;;;;;;;;;;;;;;   0.140;   0.650;   0.000;   0.070;   0.000;   0.000;   0.190;   0.000;   0.000; 3; 7; 1;
17.05.2017 09:51:20;neon;          1;          1;          1;          2;          1;          2;        372;   3.000;.11200000;.00399999;.00000000;.04800001;33.12800217;32.94800186;.18000001;27.23000026;.83000064;1.86999893;.18000007;362864640;245575680;      0;      2;      0;*******;      0;      2;      2;      2;;;;;;;;;;;;;;;;;;;;;;;;;;;;;;;;;;;;;;;;;;;;;;;;;;;;;;;;;;;;   0.180;   1.270;   0.040;   0.110;   0.000;   0.000;   0.370;   0.020;   0.000; 1; 1; 1;
17.05.2017 09:51:55;neon;          1;          1;          1;          2;          1;          2;        372;   3.000;.13600000;.00399999;.00000000;.05600001;33.13600159;32.92800140;.20800000;27.51999497;.57000470;1.87999916;.19000006;362733568;245583872;      2;      2;      6;      6;      6;      2;      2;      2;;;;;;;;;;;;;;;;;;;;;;;;;;;;;;;;;;;;;;;;;;;;;;;;;;;;;;;;;;;;   0.190;   1.300;   0.030;   0.080;   0.000;   0.000;   0.400;   0.010;   0.000; 2; 1; 1;
17.05.2017 09:52:30;neon;          1;          1;          1;          2;          1;          2;        372;   3.000;.12000000;.00400000;.00000000;.04000001;32.09600067;31.92000008;.17600000;26.47999668;.58000231;1.81999850;.24000001;362635264;245346304;      2;      2;      4;      4;      4;      2;      2;      2;;;;;;;;;;;;;;;;;;;;;;;;;;;;;;;;;;;;;;;;;;;;;;;;;;;;;;;;;;;;   0.240;   1.320;   0.020;   0.110;   0.000;   0.000;   0.280;   0.000;   0.000; 4; 1; 1;
17.05.2017 09:53:05;neon;          1;          1;          1;          2;          1;          2;        372;   3.000;.13200000;.00000000;.00000000;.03200001;32.49599838;32.31999969;.17600000;26.75000167;.65999889;1.88000154;.19000006;362647552;245358592;      2;      2;      6;      6;      6;      2;      2;      2;;;;;;;;;;;;;;;;;;;;;;;;;;;;;;;;;;;;;;;;;;;;;;;;;;;;;;;;;;;;   0.190;   1.300;   0.030;   0.140;   0.000;   0.000;   0.330;   0.010;   0.000; 3; 1; 1;
17.05.2017 09:53:39;neon;          1;          1;          1;          2;          1;          2;        372;   3.000;.11600000;.00400000;.00000000;.04800000;31.61199951;31.44400024;.16800000;26.00999141;.69000578;1.78000331;.19000006;362725376;245436416;      2;      2;      4;      4;      5;      2;      2;      2;;;;;;;;;;;;;;;;;;;;;;;;;;;;;;;;;;;;;;;;;;;;;;;;;;;;;;;;;;;;   0.190;   1.200;   0.030;   0.060;   0.000;   0.000;   0.360;   0.010;   0.010; 3; 2; 1;
17.05.2017 09:54:12;neon;          1;          1;          1;          2;          1;          2;        372;   3.000;.10400000;.00400000;.00400000;.04400000;31.34000015;31.16799927;.17200001;25.78999972;.58999872;1.71000147;.19000006;362745856;245456896;      3;      2;      1;      1;      1;      2;      2;      2;;;;;;;;;;;;;;;;;;;;;;;;;;;;;;;;;;;;;;;;;;;;;;;;;;;;;;;;;;;;   0.190;   1.330;   0.030;   0.080;   0.000;   0.000;   0.400;   0.020;   0.000; 3; 3; 1;
17.05.2017 09:54:47;neon;          1;          1;          1;          2;          1;          2;        372;   3.000;.12400001;.00399999;.00000000;.02000000;32.83200073;32.66400146;.16800000;26.83999991;.80999947;1.85000277;.19000006;362737664;245448704;      2;      2;      3;      3;      3;      2;      2;      2;;;;;;;;;;;;;;;;;;;;;;;;;;;;;;;;;;;;;;;;;;;;;;;;;;;;;;;;;;;;   0.190;   1.310;   0.040;   0.130;   0.000;   0.000;   0.380;   0.000;   0.000; 3; 4; 1;
17.05.2017 09:55:22;neon;          1;          1;          1;          2;          1;          2;        372;   3.000;.13600001;.00799999;.00400001;.02400000;32.26800156;32.08800125;.18000001;26.66000843;.62999797;1.86999488;.19000006;362692608;245403648;      3;      2;      1;      1;      1;      2;      2;      2;;;;;;;;;;;;;;;;;;;;;;;;;;;;;;;;;;;;;;;;;;;;;;;;;;;;;;;;;;;;   0.190;   1.320;   0.020;   0.060;   0.000;   0.000;   0.360;   0.000;   0.010; 3; 5; 1;
17.05.2017 09:55:57;neon;          1;          1;          1;          2;          1;          2;        372;   3.000;.12800000;.01600000;.00399999;.05200000;32.61600113;32.39599991;.22000000;26.84998941;.73000765;1.83000159;.18999982;362729472;245440512;      3;      2;      1;      1;      1;      2;      2;      2;;;;;;;;;;;;;;;;;;;;;;;;;;;;;;;;;;;;;;;;;;;;;;;;;;;;;;;;;;;;   0.190;   1.350;   0.020;   0.110;   0.000;   0.000;   0.370;   0.030;   0.000; 3; 6; 1;
17.05.2017 09:56:33;neon;          1;          1;          1;          2;          1;          2;        372;   3.000;.14799999;.00000000;.00000000;.02400000;33.33200073;33.15200043;.18000001;27.78999639;.73000097;1.74000406;.19000006;362803200;245514240;      3;      2;      1;      1;      1;      2;      2;      2;;;;;;;;;;;;;;;;;;;;;;;;;;;;;;;;;;;;;;;;;;;;;;;;;;;;;;;;;;;;   0.190;   1.340;   0.010;   0.070;   0.000;   0.000;   0.220;   0.010;   0.000; 3; 7; 1;
17.05.2017 09:57:39;neon;          1;          1;          2;          2;          1;          4;        744;   3.000;.13999999;.00400001;.00000000;.13999999;63.34400177;63.04000092;.30399999;51.46001768;1.56998205;5.33000135;.46000004;380182528;256237568;      0;      2;      0;*******;      0;      2;      1;      2;;;;;;;;;;;;;;;;;;;;;;;;;;;;;;;;;;;;;;;;;;;;;;;;;;;;;;;;;;;;   0.460;   2.040;   0.070;   0.260;   0.000;   0.000;   0.690;   0.020;   0.000; 1; 1; 1;
17.05.2017 09:58:44;neon;          1;          1;          2;          2;          1;          4;        744;   3.000;.10000000;.00000000;.00000000;.04799999;62.94799805;62.77999878;.16800000;51.13998175;1.29002285;5.22000027;.49000001;379924480;255979520;      2;      2;      6;      6;      6;      2;      1;      2;;;;;;;;;;;;;;;;;;;;;;;;;;;;;;;;;;;;;;;;;;;;;;;;;;;;;;;;;;;;   0.490;   2.490;   0.050;   0.170;   0.000;   0.000;   0.790;   0.030;   0.000; 2; 1; 1;
17.05.2017 09:59:51;neon;          1;          1;          2;          2;          1;          4;        744;   3.000;.14399999;.00000000;.00400001;.03999999;64.63200378;64.42400360;.20800000;52.71999550;1.42000294;5.24999952;.49000001;379764736;256114688;      2;      2;      4;      4;      4;      2;      1;      2;;;;;;;;;;;;;;;;;;;;;;;;;;;;;;;;;;;;;;;;;;;;;;;;;;;;;;;;;;;;   0.490;   2.470;   0.020;   0.170;   0.000;   0.000;   0.750;   0.030;   0.000; 4; 1; 1;
17.05.2017 10:00:57;neon;          1;          1;          2;          2;          1;          4;        744;   3.000;.14000000;.00800000;.00000000;.02000000;63.41199875;63.22399902;.18799999;52.14002275;1.08998919;5.10999727;.49000001;379961344;256016384;      2;      2;      6;      6;      6;      2;      1;      2;;;;;;;;;;;;;;;;;;;;;;;;;;;;;;;;;;;;;;;;;;;;;;;;;;;;;;;;;;;;   0.490;   2.430;   0.030;   0.170;   0.000;   0.000;   0.650;   0.010;   0.000; 3; 1; 1;
17.05.2017 10:02:03;neon;          1;          1;          2;          2;          1;          4;        744;   3.000;.15600000;.00400001;.00399999;.06000000;63.64400101;63.40399933;.23999999;51.87003279;1.22997046;5.25000048;.47000003;379899904;255954944;      2;      2;      4;      4;      4;      2;      1;      2;;;;;;;;;;;;;;;;;;;;;;;;;;;;;;;;;;;;;;;;;;;;;;;;;;;;;;;;;;;;   0.470;   2.410;   0.050;   0.250;   0.000;   0.000;   0.790;   0.030;   0.000; 3; 2; 1;
17.05.2017 10:03:07;neon;          1;          1;          2;          2;          1;          4;        744;   3.000;.12400000;.00800000;.00000000;.02800000;62.07600021;61.89599991;.18000001;50.63999367;1.24000216;5.06000328;.48000002;380145664;256200704;      3;      2;      1;      1;      1;      2;      1;      2;;;;;;;;;;;;;;;;;;;;;;;;;;;;;;;;;;;;;;;;;;;;;;;;;;;;;;;;;;;;   0.480;   2.400;   0.030;   0.170;   0.000;   0.000;   0.750;   0.010;   0.010; 3; 3; 1;
17.05.2017 10:04:15;neon;          1;          1;          2;          2;          1;          4;        744;   3.000;.11600000;.00000000;.00000000;.04400000;65.47599792;65.29599762;.18000001;53.87001610;1.37998867;5.29000473;.46999979;379736064;255791104;      2;      2;      3;      3;      3;      2;      1;      2;;;;;;;;;;;;;;;;;;;;;;;;;;;;;;;;;;;;;;;;;;;;;;;;;;;;;;;;;;;;   0.470;   2.410;   0.050;   0.170;   0.000;   0.000;   0.530;   0.000;   0.000; 3; 4; 1;
17.05.2017 10:05:21;neon;          1;          1;          2;          2;          1;          4;        744;   3.000;.14399999;.01200001;.00000000;.05599999;62.87999725;62.65599823;.22400001;50.96000195;1.45999575;5.05000019;.45000005;379953152;256008192;      3;      2;      1;      1;      1;      2;      1;      2;;;;;;;;;;;;;;;;;;;;;;;;;;;;;;;;;;;;;;;;;;;;;;;;;;;;;;;;;;;;   0.450;   2.580;   0.020;   0.270;   0.000;   0.000;   0.780;   0.010;   0.010; 3; 5; 1;
17.05.2017 10:06:27;neon;          1;          1;          2;          2;          1;          4;        744;   3.000;.13600000;.00399999;.00400001;.02800000;63.39999771;63.21599960;.18400000;51.81000566;1.14000177;5.23999405;.47000003;379891712;256086016;      3;      2;      1;      1;      1;      2;      1;      2;;;;;;;;;;;;;;;;;;;;;;;;;;;;;;;;;;;;;;;;;;;;;;;;;;;;;;;;;;;;   0.470;   2.430;   0.020;   0.170;   0.000;   0.000;   0.790;   0.000;   0.000; 3; 6; 1;
17.05.2017 10:07:33;neon;          1;          1;          2;          2;          1;          4;        744;   3.000;.12800001;.00399999;.00000000;.03600000;63.81600189;63.62400055;.19200000;51.86998177;1.25002003;5.27000284;.49000001;380215296;256270336;      3;      2;      1;      1;      1;      2;      1;      2;;;;;;;;;;;;;;;;;;;;;;;;;;;;;;;;;;;;;;;;;;;;;;;;;;;;;;;;;;;;   0.490;   2.520;   0.030;   0.250;   0.000;   0.000;   0.780;   0.000;   0.010; 3; 7; 1;
17.05.2017 10:09:55;neon;          1;          2;          2;          2;          1;          8;       1488;   3.000;.16800001;.03199999;.00400001;.19999999;140.23200989;139.79200745;.44000000;101.86986351;2.70012474;24.23001862;2.53999996;413646848;283512832;      0;      2;      0;*******;      0;      2;      2;      2;;;;;;;;;;;;;;;;;;;;;;;;;;;;;;;;;;;;;;;;;;;;;;;;;;;;;;;;;;;;   2.540;   4.580;   0.100;   0.600;   0.000;   0.000;   1.760;   0.030;   0.020; 1; 1; 1;
17.05.2017 10:12:17;neon;          1;          2;          2;          2;          1;          8;       1488;   3.000;.14400000;.02000000;.00400001;.07200000;139.36799622;139.08000183;.28799999;102.43998718;2.46999741;23.27001572;2.29000044;413200384;283852800;      2;      2;     13;     13;     13;      2;      2;      2;;;;;;;;;;;;;;;;;;;;;;;;;;;;;;;;;;;;;;;;;;;;;;;;;;;;;;;;;;;;   2.290;   4.430;   0.090;   0.750;   0.000;   0.000;   1.940;   0.030;   0.000; 2; 1; 1;
17.05.2017 10:14:38;neon;          1;          2;          2;          2;          1;          8;       1488;   3.000;.16400000;.05200000;.00399999;.11199999;138.74000549;138.36399841;.37599999;101.88999462;2.34999084;23.44998360;2.36999989;413876224;283484160;      2;      2;      8;      8;      8;      2;      2;      2;;;;;;;;;;;;;;;;;;;;;;;;;;;;;;;;;;;;;;;;;;;;;;;;;;;;;;;;;;;;   2.370;   4.350;   0.060;   0.560;   0.000;   0.000;   1.930;   0.050;   0.030; 4; 1; 1;
17.05.2017 10:17:00;neon;          1;          2;          2;          2;          1;          8;       1488;   3.000;.19200000;.01199999;.00400001;.07600001;138.51998901;138.23199463;.28799999;103.30987644;2.44010925;21.83999634;2.23999977;413552640;283455488;      2;      2;     13;     13;     13;      2;      2;      2;;;;;;;;;;;;;;;;;;;;;;;;;;;;;;;;;;;;;;;;;;;;;;;;;;;;;;;;;;;;   2.240;   4.390;   0.080;   0.640;   0.000;   0.000;   1.930;   0.020;   0.000; 3; 1; 1;
17.05.2017 10:19:19;neon;          1;          2;          2;          2;          1;          8;       1488;   3.000;.17200000;.01600000;.00399999;.07200001;137.16000366;136.86399841;.29600000;100.42994118;2.35006237;23.46001244;2.30999994;413249536;282857472;      2;      2;     12;     12;     12;      2;      2;      2;;;;;;;;;;;;;;;;;;;;;;;;;;;;;;;;;;;;;;;;;;;;;;;;;;;;;;;;;;;;   2.310;   4.450;   0.090;   0.620;   0.000;   0.000;   1.760;   0.030;   0.010; 3; 2; 1;
17.05.2017 10:21:39;neon;          1;          2;          2;          2;          1;          8;       1488;   3.000;.14400000;.02000000;.00400001;.07200000;137.21199036;136.95199585;.25999999;100.73994732;2.31001759;22.71001816;2.30000067;413650944;283258880;      3;      2;      1;      1;      1;      2;      2;      2;;;;;;;;;;;;;;;;;;;;;;;;;;;;;;;;;;;;;;;;;;;;;;;;;;;;;;;;;;;;   2.300;   4.720;   0.110;   0.630;   0.000;   0.000;   1.930;   0.030;   0.010; 3; 3; 1;
17.05.2017 10:23:57;neon;          1;          2;          2;          2;          1;          8;       1488;   3.000;.14400000;.01600000;.00000000;.07200000;136.21200562;135.94799805;.26400000;100.32001305;2.43997765;22.21998215;2.10999966;413765632;283373568;      2;      2;      5;      5;      5;      2;      2;      2;;;;;;;;;;;;;;;;;;;;;;;;;;;;;;;;;;;;;;;;;;;;;;;;;;;;;;;;;;;;   2.110;   4.570;   0.090;   0.720;   0.000;   0.000;   2.090;   0.000;   0.010; 3; 4; 1;
17.05.2017 10:26:22;neon;          1;          2;          2;          2;          1;          8;       1488;   3.000;.15600000;.02400000;.00399999;.09600002;142.00000000;141.69599915;.30399999;103.92996883;2.59001446;23.81000996;2.43999958;413110272;283471872;      3;      2;      1;      1;      1;      2;      2;      2;;;;;;;;;;;;;;;;;;;;;;;;;;;;;;;;;;;;;;;;;;;;;;;;;;;;;;;;;;;;   2.440;   4.800;   0.080;   0.620;   0.000;   0.000;   1.970;   0.030;   0.000; 3; 5; 1;
17.05.2017 10:28:43;neon;          1;          2;          2;          2;          1;          8;       1488;   3.000;.16400000;.02000000;.00000000;.07599999;138.15199280;137.87199402;.28000000;101.67991924;2.55008984;22.28998756;2.37999964;413589504;283197440;      3;      2;      1;      1;      1;      2;      2;      2;;;;;;;;;;;;;;;;;;;;;;;;;;;;;;;;;;;;;;;;;;;;;;;;;;;;;;;;;;;;   2.380;   4.770;   0.110;   0.670;   0.000;   0.000;   2.010;   0.020;   0.010; 3; 6; 1;
17.05.2017 10:31:03;neon;          1;          2;          2;          2;          1;          8;       1488;   3.000;.16800000;.00800000;.00400001;.07200000;137.93600464;137.66400146;.27200001;100.83000755;2.50001717;23.12998962;2.44000006;413863936;283471872;      3;      2;      1;      1;      1;      2;      2;      2;;;;;;;;;;;;;;;;;;;;;;;;;;;;;;;;;;;;;;;;;;;;;;;;;;;;;;;;;;;;   2.440;   4.740;   0.100;   0.640;   0.000;   0.000;   1.870;   0.020;   0.000; 3; 7; 1;
17.05.2017 10:34:36;neon;          1;          2;          2;          3;          1;         12;       2232;   3.000;.15200000;.02000001;.00399999;.32000001;210.43200684;209.91600037;.51599997;151.16015530;4.17983532;37.28998756;3.85999870;448598016;311656448;      0;      2;      0;*******;      0;      2;      2;      2;;;;;;;;;;;;;;;;;;;;;;;;;;;;;;;;;;;;;;;;;;;;;;;;;;;;;;;;;;;;   3.860;   6.820;   0.180;   1.150;   0.000;   0.000;   3.670;   0.040;   0.010; 1; 1; 1;
17.05.2017 10:38:07;neon;          1;          2;          2;          3;          1;         12;       2232;   3.000;.16400000;.01600000;.00399999;.11600001;208.66400146;208.34399414;.31999999;150.15005779;3.55994034;36.97998810;3.91999912;447483904;311492608;      2;      2;     13;     13;     13;      2;      2;      2;;;;;;;;;;;;;;;;;;;;;;;;;;;;;;;;;;;;;;;;;;;;;;;;;;;;;;;;;;;;   3.920;   6.600;   0.120;   1.530;   0.000;   0.000;   3.800;   0.060;   0.020; 2; 1; 1;
17.05.2017 10:41:40;neon;          1;          2;          2;          3;          1;         12;       2232;   3.000;.18399999;.05200000;.00400001;.14800000;210.87199402;210.41999817;.45199999;152.30007839;3.71994305;37.31997871;3.64999866;447533056;311042048;      2;      2;      8;      8;      8;      2;      2;      2;;;;;;;;;;;;;;;;;;;;;;;;;;;;;;;;;;;;;;;;;;;;;;;;;;;;;;;;;;;;   3.650;   6.610;   0.100;   1.320;   0.000;   0.000;   3.690;   0.050;   0.020; 4; 1; 1;
17.05.2017 10:45:13;neon;          1;          2;          2;          3;          1;         12;       2232;   3.000;.18000000;.03600000;.00800000;.11600001;209.83999634;209.46800232;.37200001;151.37005138;3.75996494;37.00002289;3.64000130;447029248;310816768;      2;      2;     13;     13;     13;      2;      2;      2;;;;;;;;;;;;;;;;;;;;;;;;;;;;;;;;;;;;;;;;;;;;;;;;;;;;;;;;;;;;   3.640;   7.000;   0.120;   1.240;   0.000;   0.000;   3.690;   0.040;   0.020; 3; 1; 1;
17.05.2017 10:48:45;neon;          1;          2;          2;          3;          1;         12;       2232;   3.000;.17200000;.02800000;.00400001;.13200000;209.37599182;209.00799561;.36800000;150.12991333;3.62008190;37.95000648;3.55999994;447053824;310837248;      2;      2;     12;     12;     12;      2;      2;      2;;;;;;;;;;;;;;;;;;;;;;;;;;;;;;;;;;;;;;;;;;;;;;;;;;;;;;;;;;;;   3.560;   6.770;   0.140;   1.370;   0.000;   0.000;   3.720;   0.050;   0.020; 3; 2; 1;
17.05.2017 10:52:19;neon;          1;          2;          2;          3;          1;         12;       2232;   3.000;.14799999;.04000001;.00399999;.15200000;212.26799011;211.89999390;.36800000;153.00010014;3.56990719;37.74001122;3.88000059;447729664;310943744;      3;      2;      1;      1;      1;      2;      2;      2;;;;;;;;;;;;;;;;;;;;;;;;;;;;;;;;;;;;;;;;;;;;;;;;;;;;;;;;;;;;   3.880;   6.700;   0.110;   1.380;   0.000;   0.000;   3.800;   0.040;   0.020; 3; 3; 1;
17.05.2017 10:55:52;neon;          1;          2;          2;          3;          1;         12;       2232;   3.000;.20000000;.02400000;.00399999;.12400001;209.87998962;209.47999573;.40000001;151.69976711;3.70023441;36.94001198;3.67999935;447840256;310898688;      2;      2;      5;      5;      5;      2;      2;      2;;;;;;;;;;;;;;;;;;;;;;;;;;;;;;;;;;;;;;;;;;;;;;;;;;;;;;;;;;;;   3.680;   6.830;   0.120;   1.020;   0.000;   0.000;   3.900;   0.050;   0.010; 3; 4; 1;
17.05.2017 10:59:27;neon;          1;          2;          2;          3;          1;         12;       2232;   3.000;.19200000;.03200001;.00399999;.12400000;212.85600281;212.47999573;.37599999;151.67994404;3.52006912;39.57000542;3.89000034;447836160;311037952;      3;      2;      1;      1;      1;      2;      2;      2;;;;;;;;;;;;;;;;;;;;;;;;;;;;;;;;;;;;;;;;;;;;;;;;;;;;;;;;;;;;   3.890;   6.930;   0.100;   1.310;   0.000;   0.000;   3.810;   0.030;   0.020; 3; 5; 1;
17.05.2017 11:03:00;neon;          1;          2;          2;          3;          1;         12;       2232;   3.000;.15200000;.03600000;.00399999;.12000002;209.97999573;209.64399719;.33600000;149.12997437;3.55003452;39.14002419;3.89999866;447574016;311431168;      3;      2;      1;      1;      1;      2;      2;      2;;;;;;;;;;;;;;;;;;;;;;;;;;;;;;;;;;;;;;;;;;;;;;;;;;;;;;;;;;;;   3.900;   6.830;   0.180;   1.320;   0.000;   0.000;   3.830;   0.050;   0.020; 3; 6; 1;
17.05.2017 11:06:34;neon;          1;          2;          2;          3;          1;         12;       2232;   3.000;.15200000;.02400000;.00399999;.11600000;211.91600037;211.56399536;.35200000;150.47983265;3.45017624;40.38002396;4.08999968;447537152;310878208;      3;      2;      1;      1;      1;      2;      2;      2;;;;;;;;;;;;;;;;;;;;;;;;;;;;;;;;;;;;;;;;;;;;;;;;;;;;;;;;;;;;   4.090;   6.760;   0.100;   1.080;   0.000;   0.000;   3.520;   0.060;   0.020; 3; 7; 1;
17.05.2017 11:11:54;neon;          1;          3;          2;          3;          1;         18;       3348;   3.000;.16800001;.05999999;.00800000;.45599999;316.98800659;316.23199463;.75599998;223.47965240;6.32027817;59.02000237;4.39999962;498913280;352731136;      0;      2;      0;*******;      0;      2;      2;      2;;;;;;;;;;;;;;;;;;;;;;;;;;;;;;;;;;;;;;;;;;;;;;;;;;;;;;;;;;;;   4.400;   9.770;   0.190;   2.940;   0.000;   0.000;   8.050;   0.080;   0.030; 1; 1; 1;
17.05.2017 11:17:09;neon;          1;          3;          2;          3;          1;         18;       3348;   3.000;.16400001;.06400000;.00399999;.14000000;312.90399170;312.50399780;.40000001;222.72982025;5.65022469;56.38994026;4.28000069;498937856;352329728;      2;      2;     18;     18;     18;      2;      2;      2;;;;;;;;;;;;;;;;;;;;;;;;;;;;;;;;;;;;;;;;;;;;;;;;;;;;;;;;;;;;   4.280;   9.830;   0.140;   2.920;   0.000;   0.000;   8.350;   0.030;   0.040; 2; 1; 1;
17.05.2017 11:22:28;neon;          1;          3;          2;          3;          1;         18;       3348;   3.000;.21600000;.07200000;.00400001;.19200000;316.21600342;315.66000366;.55599999;226.09996796;5.40999031;57.33007431;4.07000065;498200576;352256000;      2;      2;     11;     10;     11;      2;      2;      2;;;;;;;;;;;;;;;;;;;;;;;;;;;;;;;;;;;;;;;;;;;;;;;;;;;;;;;;;;;;   4.070;   9.790;   0.190;   2.450;   0.000;   0.000;   8.140;   0.080;   0.050; 4; 1; 1;
17.05.2017 11:28:29;neon;          1;          3;          2;          3;          1;         18;       3348;   3.000;.15600000;.08000000;.00800000;.28399999;358.91998291;358.28399658;.63599998;256.86958122;6.88033104;67.03002548;4.18000031;498053120;351797248;      2;      2;     19;     18;     19;      2;      2;      2;;;;;;;;;;;;;;;;;;;;;;;;;;;;;;;;;;;;;;;;;;;;;;;;;;;;;;;;;;;;   4.180;   9.480;   0.140;   2.560;   0.000;   0.000;   8.990;   0.080;   0.060; 3; 1; 1;
17.05.2017 11:34:56;neon;          1;          3;          2;          3;          1;         18;       3348;   3.000;.18400000;.11200000;.00799999;.24399999;383.27197266;382.63598633;.63599998;269.94012451;7.80998611;72.94995689;5.75000095;498094080;351834112;      2;      2;     17;     17;     17;      2;      2;      2;;;;;;;;;;;;;;;;;;;;;;;;;;;;;;;;;;;;;;;;;;;;;;;;;;;;;;;;;;;;   5.750;  11.070;   0.250;   3.000;   0.000;   0.000;   9.420;   0.120;   0.050; 3; 2; 1;
17.05.2017 11:41:16;neon;          1;          3;          2;          3;          1;         18;       3348;   3.000;.26400001;.04800001;.00399998;.13600001;377.14801025;376.65200806;.49599999;269.70983887;7.24005318;69.17003441;5.49000168;498327552;352243712;      3;      2;      1;      1;      1;      2;      2;      2;;;;;;;;;;;;;;;;;;;;;;;;;;;;;;;;;;;;;;;;;;;;;;;;;;;;;;;;;;;;   5.490;  11.310;   0.230;   2.820;   0.000;   0.000;   8.340;   0.050;   0.030; 3; 3; 1;
17.05.2017 11:47:37;neon;          1;          3;          2;          3;          1;         18;       3348;   3.000;.23600000;.04799999;.00000000;.24400002;378.77999878;378.15600586;.62400001;268.39980125;7.86023140;70.52000999;5.49999809;498159616;352280576;      2;      2;      7;      7;      7;      2;      2;      2;;;;;;;;;;;;;;;;;;;;;;;;;;;;;;;;;;;;;;;;;;;;;;;;;;;;;;;;;;;;   5.500;  11.090;   0.230;   2.930;   0.000;   0.000;   9.280;   0.080;   0.040; 3; 4; 1;
17.05.2017 11:54:16;neon;          1;          3;          2;          3;          1;         18;       3348;   3.000;.20800000;.04400001;.00399998;.16400000;395.43597412;394.97198486;.46399999;283.76013565;7.64982796;72.37001991;5.45000172;498229248;351621120;      3;      2;      1;      1;      1;      2;      2;      2;;;;;;;;;;;;;;;;;;;;;;;;;;;;;;;;;;;;;;;;;;;;;;;;;;;;;;;;;;;;   5.450;  11.100;   0.220;   2.990;   0.000;   0.000;   9.000;   0.090;   0.010; 3; 5; 1;
17.05.2017 12:00:36;neon;          1;          3;          2;          3;          1;         18;       3348;   3.000;.19599999;.07200001;.00400001;.17999998;378.02401733;377.54000854;.48400000;270.41019440;7.27983093;69.06993866;5.26000023;498315264;351707136;      3;      2;      1;      1;      1;      2;      2;      2;;;;;;;;;;;;;;;;;;;;;;;;;;;;;;;;;;;;;;;;;;;;;;;;;;;;;;;;;;;;   5.260;  11.040;   0.270;   2.830;   0.000;   0.000;   9.070;   0.080;   0.060; 3; 6; 1;
17.05.2017 12:06:51;neon;          1;          3;          2;          3;          1;         18;       3348;   3.000;.20000000;.03999999;.00400001;.28400001;371.69198608;371.11199951;.57999998;264.32008934;7.18990898;68.84003258;5.46000004;498585600;352178176;      3;      2;      1;      1;      1;      2;      2;      2;;;;;;;;;;;;;;;;;;;;;;;;;;;;;;;;;;;;;;;;;;;;;;;;;;;;;;;;;;;;   5.460;  11.420;   0.250;   2.830;   0.000;   0.000;   8.430;   0.120;   0.020; 3; 7; 1;
17.05.2017 12:16:15;neon;          1;          3;          3;          3;          1;         27;       5022;   3.000;.29599999;.06800002;.00399998;.58399999;561.25604248;560.24401855;1.01199996;387.14002991;11.48008347;105.44002914;10.72000122;576872448;406339584;      0;      2;      0;*******;      0;      2;      2;      2;;;;;;;;;;;;;;;;;;;;;;;;;;;;;;;;;;;;;;;;;;;;;;;;;;;;;;;;;;;;  10.720;  16.080;   0.400;   6.480;   0.000;   0.000;  19.620;   0.070;   0.040; 1; 1; 1;
17.05.2017 12:25:59;neon;          1;          3;          3;          3;          1;         27;       5022;   3.000;.22000000;.04800001;.00799999;.30800000;580.80798340;580.18798828;.62000000;399.30058289;11.48944855;111.43992233;10.62999916;576258048;405725184;      2;      2;     18;     18;     18;      2;      2;      2;;;;;;;;;;;;;;;;;;;;;;;;;;;;;;;;;;;;;;;;;;;;;;;;;;;;;;;;;;;;  10.630;  16.340;   0.340;   6.540;   0.000;   0.000;  20.830;   0.110;   0.030; 2; 1; 1;
17.05.2017 12:36:32;neon;          1;          3;          3;          3;          1;         27;       5022;   3.000;.25999999;.17600000;.00800002;.50400001;630.72399902;629.73999023;.98400003;430.37004089;12.17001343;122.25996780;12.05000114;575467520;404934656;      2;      2;     11;     10;     11;      2;      2;      2;;;;;;;;;;;;;;;;;;;;;;;;;;;;;;;;;;;;;;;;;;;;;;;;;;;;;;;;;;;;  12.050;  17.740;   0.380;   7.880;   0.000;   0.000;  23.690;   0.200;   0.110; 4; 1; 1;
17.05.2017 12:46:44;neon;          1;          3;          3;          3;          1;         27;       5022;   3.000;.27600000;.12000000;.00799999;.47600001;608.21197510;607.23199463;.98000002;418.42965317;11.90032959;114.61000443;11.45000076;575299584;404766720;      2;      2;     19;     18;     19;      2;      2;      2;;;;;;;;;;;;;;;;;;;;;;;;;;;;;;;;;;;;;;;;;;;;;;;;;;;;;;;;;;;;  11.450;  17.170;   0.350;   7.370;   0.000;   0.000;  22.760;   0.180;   0.110; 3; 1; 1;
17.05.2017 12:57:08;neon;          1;          3;          3;          3;          1;         27;       5022;   3.000;.22000000;.17600000;.00800002;.40400001;621.70001221;620.79199219;.90799999;424.62986374;12.06022263;116.98991394;13.10999870;575332352;404799488;      2;      2;     17;     17;     17;      2;      2;      2;;;;;;;;;;;;;;;;;;;;;;;;;;;;;;;;;;;;;;;;;;;;;;;;;;;;;;;;;;;;  13.110;  18.380;   0.370;   7.750;   0.000;   0.000;  24.320;   0.080;   0.110; 3; 2; 1;
17.05.2017 13:07:30;neon;          1;          3;          3;          3;          1;         27;       5022;   3.000;.23599999;.17200001;.00400001;.49199998;618.51202393;617.50000000;1.01199996;424.07015228;11.61983871;116.58996582;12.11000061;575664128;405131264;      3;      2;      1;      1;      1;      2;      2;      2;;;;;;;;;;;;;;;;;;;;;;;;;;;;;;;;;;;;;;;;;;;;;;;;;;;;;;;;;;;;  12.110;  17.430;   0.330;   7.570;   0.000;   0.000;  24.490;   0.160;   0.110; 3; 3; 1;
17.05.2017 13:16:59;neon;          1;          3;          3;          3;          1;         27;       5022;   3.000;.23200000;.21200001;.00799999;.38399997;561.25598145;560.32000732;.93599999;386.73034668;10.15955734;104.40998459;11.44000244;575422464;404889600;      2;      2;      7;      7;      7;      2;      2;      2;;;;;;;;;;;;;;;;;;;;;;;;;;;;;;;;;;;;;;;;;;;;;;;;;;;;;;;;;;;;  11.440;  16.510;   0.310;   7.080;   0.000;   0.000;  20.550;   0.100;   0.170; 3; 4; 1;
17.05.2017 13:26:20;neon;          1;          3;          3;          3;          1;         27;       5022;   3.000;.20800000;.05599999;.00400001;.39599997;558.19195557;557.47998047;.71200001;382.88996124;9.70004654;107.34995651;11.49999809;575549440;405016576;      3;      2;      1;      1;      1;      2;      2;      2;;;;;;;;;;;;;;;;;;;;;;;;;;;;;;;;;;;;;;;;;;;;;;;;;;;;;;;;;;;;  11.500;  16.180;   0.330;   6.770;   0.000;   0.000;  19.620;   0.110;   0.020; 3; 5; 1;
17.05.2017 13:34:22;neon;          1;          3;          3;          3;          1;         27;       5022;   3.000;.26000000;.02000001;.00799999;.19200000;479.63998413;479.11599731;.52399999;335.25980377;7.88024139;85.49003220;9.84000015;575668224;405135360;      3;      2;      1;      1;      1;      2;      2;      2;;;;;;;;;;;;;;;;;;;;;;;;;;;;;;;;;;;;;;;;;;;;;;;;;;;;;;;;;;;;   9.840;  14.830;   0.310;   5.710;   0.000;   0.000;  16.980;   0.060;   0.020; 3; 6; 1;
17.05.2017 13:42:13;neon;          1;          3;          3;          3;          1;         27;       5022;   3.000;.21200001;.04399998;.00800002;.20800000;467.71600342;467.20001221;.51599997;326.69977379;7.52029419;85.53996277;8.91000080;576077824;405544960;      3;      2;      1;      1;      1;      2;      2;      2;;;;;;;;;;;;;;;;;;;;;;;;;;;;;;;;;;;;;;;;;;;;;;;;;;;;;;;;;;;;   8.910;  13.640;   0.280;   5.460;   0.000;   0.000;  16.430;   0.040;   0.040; 3; 7; 1;
17.05.2017 13:52:57;neon;          1;          3;          3;          4;          1;         36;       6696;   3.000;.24800000;.06000000;.01199999;.71600002;641.94403076;640.84802246;1.09599996;434.04005432;11.58996201;119.42005157;12.61000061;654983168;461565952;      0;      2;      0;*******;      0;      2;      2;      2;;;;;;;;;;;;;;;;;;;;;;;;;;;;;;;;;;;;;;;;;;;;;;;;;;;;;;;;;;;;  12.610;  18.230;   0.460;  10.470;   0.000;   0.000;  30.630;   0.080;   0.030; 1; 1; 1;
17.05.2017 14:04:26;neon;          1;          3;          3;          4;          1;         36;       6696;   3.000;.24400000;.02800000;.00800002;.37200001;686.63995361;685.81597900;.82400000;460.93976974;12.32013321;132.86008453;13.40000343;654475264;461058048;      2;      2;     18;     18;     18;      2;      2;      2;;;;;;;;;;;;;;;;;;;;;;;;;;;;;;;;;;;;;;;;;;;;;;;;;;;;;;;;;;;;  13.400;  18.360;   0.340;  10.540;   0.000;   0.000;  33.460;   0.110;   0.010; 2; 1; 1;
17.05.2017 14:17:40;neon;          1;          3;          3;          4;          1;         36;       6696;   3.000;.27600001;.07999998;.01199999;.56000000;790.30798340;789.33197021;.97600001;534.17073059;15.02929306;147.19992065;14.98999786;653447168;460513280;      2;      2;     11;     10;     11;      2;      2;      2;;;;;;;;;;;;;;;;;;;;;;;;;;;;;;;;;;;;;;;;;;;;;;;;;;;;;;;;;;;;  14.990;  22.300;   0.460;  12.210;   0.000;   0.000;  38.750;   0.150;   0.060; 4; 1; 1;
17.05.2017 14:30:56;neon;          1;          3;          3;          4;          1;         36;       6696;   3.000;.26400001;.09200001;.00799999;.57200000;793.51599121;792.53601074;.98000002;533.34032822;14.90969086;151.38993835;15.26999283;653242368;459825152;      2;      2;     19;     18;     19;      2;      2;      2;;;;;;;;;;;;;;;;;;;;;;;;;;;;;;;;;;;;;;;;;;;;;;;;;;;;;;;;;;;;  15.270;  22.300;   0.490;  12.690;   0.000;   0.000;  38.100;   0.180;   0.060; 3; 1; 1;
17.05.2017 14:43:40;neon;          1;          3;          3;          4;          1;         36;       6696;   3.000;.28399999;.14000002;.00799999;.55599999;760.22399902;759.17999268;1.04400003;511.74950027;13.77047348;141.75000000;15.11000061;653279232;459862016;      2;      2;     17;     17;     17;      2;      2;      2;;;;;;;;;;;;;;;;;;;;;;;;;;;;;;;;;;;;;;;;;;;;;;;;;;;;;;;;;;;;  15.110;  23.280;   0.470;  12.620;   0.000;   0.000;  36.520;   0.110;   0.090; 3; 2; 1;
17.05.2017 14:56:14;neon;          1;          3;          3;          4;          1;         36;       6696;   3.000;.22000001;.07600001;.00799999;.39600000;751.22802734;750.46002197;.76800001;506.92980576;13.01009369;142.81997681;14.74999619;653721600;460304384;      3;      2;      1;      1;      1;      2;      2;      2;;;;;;;;;;;;;;;;;;;;;;;;;;;;;;;;;;;;;;;;;;;;;;;;;;;;;;;;;;;;  14.750;  21.210;   0.440;  12.070;   0.000;   0.000;  35.390;   0.120;   0.050; 3; 3; 1;
17.05.2017 15:08:54;neon;          1;          3;          3;          4;          1;         36;       6696;   3.000;.28800000;.09600002;.00799999;.44000003;757.64001465;756.74401855;.89600003;512.38982010;13.94002914;143.15991974;14.59000397;653406208;459988992;      2;      2;      7;      7;      7;      2;      2;      2;;;;;;;;;;;;;;;;;;;;;;;;;;;;;;;;;;;;;;;;;;;;;;;;;;;;;;;;;;;;  14.590;  21.290;   0.440;  11.420;   0.000;   0.000;  35.580;   0.180;   0.070; 3; 4; 1;
17.05.2017 15:19:59;neon;          1;          3;          3;          4;          1;         36;       6696;   3.000;.26800001;.14399999;.00799999;.39600000;662.05596924;661.17199707;.88400000;443.93002319;10.22000122;120.98007202;14.95999908;653553664;460136448;      3;      2;      1;      1;      1;      2;      2;      2;;;;;;;;;;;;;;;;;;;;;;;;;;;;;;;;;;;;;;;;;;;;;;;;;;;;;;;;;;;;  14.960;  21.440;   0.470;  12.260;   0.000;   0.000;  33.290;   0.090;   0.080; 3; 5; 1;
17.05.2017 15:31:32;neon;          1;          3;          3;          4;          1;         36;       6696;   3.000;.28799999;.14800000;.00800002;.33599997;690.65600586;689.79602051;.86000001;474.45000839;11.73004150;124.49982834;12.43000031;653733888;460316672;      3;      2;      1;      1;      1;      2;      2;      2;;;;;;;;;;;;;;;;;;;;;;;;;;;;;;;;;;;;;;;;;;;;;;;;;;;;;;;;;;;;  12.430;  18.940;   0.350;  10.870;   0.000;   0.000;  32.860;   0.070;   0.100; 3; 6; 1;
17.05.2017 15:42:32;neon;          1;          3;          3;          4;          1;         36;       6696;   3.000;.27600000;.05599999;.00400001;.24800000;657.04400635;656.39599609;.64800000;452.63992691;10.44003677;115.11009216;11.98999405;654262272;460845056;      3;      2;      1;      1;      1;      2;      2;      2;;;;;;;;;;;;;;;;;;;;;;;;;;;;;;;;;;;;;;;;;;;;;;;;;;;;;;;;;;;;  11.990;  19.000;   0.350;  10.500;   0.000;   0.000;  32.880;   0.080;   0.030; 3; 7; 1;
17.05.2017 15:58:20;neon;          1;          3;          4;          4;          1;         48;       8928;   3.000;.30399999;.10000002;.00799999;.90399998;945.54803467;944.16802979;1.38000000;632.53936768;17.56066895;166.30008698;17.76000214;759332864;540532736;      0;      2;      0;*******;      0;      2;      2;      2;;;;;;;;;;;;;;;;;;;;;;;;;;;;;;;;;;;;;;;;;;;;;;;;;;;;;;;;;;;;  17.760;  25.340;   0.590;  19.740;   0.000;   0.000;  59.640;   0.110;   0.040; 1; 1; 1;
17.05.2017 16:13:29;neon;          1;          3;          4;          4;          1;         48;       8928;   3.000;.33199999;.08400002;.00799999;.30800000;905.84002686;905.05200195;.78799999;606.39045334;15.15944672;160.73012543;16.62000275;758644736;539844608;      2;      2;     18;     18;     18;      2;      2;      2;;;;;;;;;;;;;;;;;;;;;;;;;;;;;;;;;;;;;;;;;;;;;;;;;;;;;;;;;;;;  16.620;  25.670;   0.490;  19.030;   0.000;   0.000;  56.540;   0.090;   0.050; 2; 1; 1;
17.05.2017 16:28:38;neon;          1;          3;          4;          4;          1;         48;       8928;   3.000;.29999999;.06400001;.00799999;.32400000;906.03601074;905.28399658;.75199997;605.20045853;14.60950470;162.16001129;16.52999496;757342208;538542080;      2;      2;     11;     10;     11;      2;      2;      2;;;;;;;;;;;;;;;;;;;;;;;;;;;;;;;;;;;;;;;;;;;;;;;;;;;;;;;;;;;;  16.530;  25.570;   0.470;  19.230;   0.000;   0.000;  56.990;   0.120;   0.050; 4; 1; 1;
17.05.2017 16:43:45;neon;          1;          3;          4;          4;          1;         48;       8928;   3.000;.30000000;.08800000;.00800002;.32399997;904.72399902;903.94000244;.78399998;603.54031372;14.68959808;160.63008118;17.84000206;757026816;538226688;      2;      2;     19;     18;     19;      2;      2;      2;;;;;;;;;;;;;;;;;;;;;;;;;;;;;;;;;;;;;;;;;;;;;;;;;;;;;;;;;;;;  17.840;  25.410;   0.440;  19.190;   0.000;   0.000;  57.740;   0.120;   0.040; 3; 1; 1;
17.05.2017 16:58:48;neon;          1;          3;          4;          4;          1;         48;       8928;   3.000;.30400000;.04400000;.00800002;.26800001;900.41998291;899.73999023;.68000001;602.13993454;14.52001953;158.05993652;16.03998947;757088256;538288128;      2;      2;     17;     17;     17;      2;      2;      2;;;;;;;;;;;;;;;;;;;;;;;;;;;;;;;;;;;;;;;;;;;;;;;;;;;;;;;;;;;;  16.040;  26.430;   0.460;  18.830;   0.000;   0.000;  58.710;   0.070;   0.030; 3; 2; 1;
17.05.2017 17:13:48;neon;          1;          3;          4;          4;          1;         48;       8928;   3.000;.27600000;.07600001;.00799999;.32000002;896.69201660;895.95599365;.73600000;603.13969040;14.25034332;154.82008362;15.85000038;757673984;538873856;      3;      2;      1;      1;      1;      2;      2;      2;;;;;;;;;;;;;;;;;;;;;;;;;;;;;;;;;;;;;;;;;;;;;;;;;;;;;;;;;;;;  15.850;  25.230;   0.480;  18.870;   0.000;   0.000;  58.740;   0.130;   0.050; 3; 3; 1;
17.05.2017 17:28:47;neon;          1;          3;          4;          4;          1;         48;       8928;   3.000;.26000000;.08399999;.00800002;.28399998;896.42803955;895.74401855;.68400002;604.74019623;14.98980713;154.40003204;15.64999962;757231616;538431488;      2;      2;      7;      7;      7;      2;      2;      2;;;;;;;;;;;;;;;;;;;;;;;;;;;;;;;;;;;;;;;;;;;;;;;;;;;;;;;;;;;;  15.650;  25.120;   0.490;  18.730;   0.000;   0.000;  57.090;   0.100;   0.040; 3; 4; 1;
17.05.2017 17:43:46;neon;          1;          3;          4;          4;          1;         48;       8928;   3.000;.32400001;.07200000;.00799999;.29600000;896.30395508;895.54797363;.75599998;603.19004822;14.59004974;155.90003204;15.94000053;757460992;538660864;      3;      2;      1;      1;      1;      2;      2;      2;;;;;;;;;;;;;;;;;;;;;;;;;;;;;;;;;;;;;;;;;;;;;;;;;;;;;;;;;;;;  15.940;  25.000;   0.520;  18.650;   0.000;   0.000;  57.280;   0.090;   0.040; 3; 5; 1;
17.05.2017 17:58:54;neon;          1;          3;          4;          4;          1;         48;       8928;   3.000;.28399999;.06000000;.00800002;.33599997;905.73999023;904.95599365;.78399998;606.10005951;14.01999664;161.10009003;16.50000191;757665792;538865664;      3;      2;      1;      1;      1;      2;      2;      2;;;;;;;;;;;;;;;;;;;;;;;;;;;;;;;;;;;;;;;;;;;;;;;;;;;;;;;;;;;;  16.500;  25.170;   0.440;  18.720;   0.000;   0.000;  58.380;   0.140;   0.020; 3; 6; 1;
17.05.2017 18:13:52;neon;          1;          3;          4;          4;          1;         48;       8928;   3.000;.27199999;.08000001;.00799999;.27599999;895.54394531;894.83197021;.71200001;601.45986938;13.89013672;156.25986481;16.00000191;758341632;539541504;      3;      2;      1;      1;      1;      2;      2;      2;;;;;;;;;;;;;;;;;;;;;;;;;;;;;;;;;;;;;;;;;;;;;;;;;;;;;;;;;;;;  16.000;  25.020;   0.460;  18.820;   0.000;   0.000;  58.400;   0.080;   0.030; 3; 7; 1;
17.05.2017 18:34:49;neon;          1;          4;          4;          4;          1;         64;      11904;   3.000;.35600001;.13999999;.01200002;1.40799993;1253.81201172;1251.82397461;1.98800004;804.29996490;22.28028870;231.90024567;17.63999557;898842624;625307648;      0;      2;      0;*******;      0;      2;      2;      2;;;;;;;;;;;;;;;;;;;;;;;;;;;;;;;;;;;;;;;;;;;;;;;;;;;;;;;;;;;;  17.640;  33.560;   0.750;  33.010;   0.000;   0.000; 102.560;   0.160;   0.090; 1; 1; 1;
17.05.2017 18:55:41;neon;          1;          4;          4;          4;          1;         64;      11904;   3.000;.34400000;.10400000;.01199999;.53200001;1248.45202637;1247.35998535;1.09200001;802.98041534;21.91942596;230.17007446;17.90999985;898727936;625192960;      2;      2;     23;     23;     23;      2;      2;      2;;;;;;;;;;;;;;;;;;;;;;;;;;;;;;;;;;;;;;;;;;;;;;;;;;;;;;;;;;;;  17.910;  33.800;   0.660;  34.660;   0.000;   0.000;  99.470;   0.190;   0.080; 2; 1; 1;
17.05.2017 19:16:23;neon;          1;          4;          4;          4;          1;         64;      11904;   3.000;.29999999;.10400000;.01199999;.49600002;1239.55200195;1238.55200195;1.00000000;801.29065704;20.18946838;223.63017273;17.27999878;896098304;622563328;      2;      2;     13;     13;     13;      2;      2;      2;;;;;;;;;;;;;;;;;;;;;;;;;;;;;;;;;;;;;;;;;;;;;;;;;;;;;;;;;;;;  17.280;  33.680;   0.650;  34.760;   0.000;   0.000; 101.170;   0.120;   0.050; 4; 1; 1;
17.05.2017 19:37:00;neon;          1;          4;          4;          4;          1;         64;      11904;   3.000;.39600001;.10400000;.00800002;.52799994;1233.89208984;1232.74804688;1.14400005;799.72051239;20.11967468;220.56990051;16.84000015;895713280;622178304;      2;      2;     24;     23;     24;      2;      2;      2;;;;;;;;;;;;;;;;;;;;;;;;;;;;;;;;;;;;;;;;;;;;;;;;;;;;;;;;;;;;  16.840;  33.640;   0.640;  34.540;   0.000;   0.000; 100.920;   0.170;   0.060; 3; 1; 1;
17.05.2017 19:57:55;neon;          1;          4;          4;          4;          1;         64;      11904;   3.000;.34400000;.09600002;.01199999;.55199996;1251.77990723;1250.69995117;1.08000004;801.20986938;20.11002350;235.52989197;18.00000000;895795200;622260224;      2;      2;     22;     22;     22;      2;      2;      2;;;;;;;;;;;;;;;;;;;;;;;;;;;;;;;;;;;;;;;;;;;;;;;;;;;;;;;;;;;;  18.000;  34.110;   0.640;  34.490;   0.000;   0.000; 100.740;   0.240;   0.060; 3; 2; 1;
17.05.2017 20:18:50;neon;          1;          4;          4;          4;          1;         64;      11904;   3.000;.33600000;.10800001;.01199999;.49600002;1250.58398438;1249.53601074;1.04799998;801.35906219;18.78071594;234.12005615;18.15000153;896573440;623038464;      3;      2;      1;      1;      1;      2;      2;      2;;;;;;;;;;;;;;;;;;;;;;;;;;;;;;;;;;;;;;;;;;;;;;;;;;;;;;;;;;;;  18.150;  33.280;   0.650;  34.270;   0.000;   0.000; 103.080;   0.170;   0.060; 3; 3; 1;
17.05.2017 20:39:37;neon;          1;          4;          4;          4;          1;         64;      11904;   3.000;.35599999;.11200002;.00799999;.44399998;1243.80407715;1242.78002930;1.02400005;801.72030640;20.19969177;228.17982483;17.63999939;895991808;622456832;      2;      2;      9;      9;      9;      2;      2;      2;;;;;;;;;;;;;;;;;;;;;;;;;;;;;;;;;;;;;;;;;;;;;;;;;;;;;;;;;;;;  17.640;  33.350;   0.610;  34.450;   0.000;   0.000; 100.840;   0.110;   0.050; 3; 4; 1;
17.05.2017 21:00:19;neon;          1;          4;          4;          4;          1;         64;      11904;   3.000;.34399999;.11200002;.01199999;.42400002;1238.90795898;1237.92395020;.98400003;798.09994507;19.24989319;226.86005402;17.74000168;896274432;622739456;      3;      2;      1;      1;      1;      2;      2;      2;;;;;;;;;;;;;;;;;;;;;;;;;;;;;;;;;;;;;;;;;;;;;;;;;;;;;;;;;;;;  17.740;  33.260;   0.670;  34.420;   0.000;   0.000; 101.690;   0.140;   0.080; 3; 5; 1;
17.05.2017 21:20:59;neon;          1;          4;          4;          4;          1;         64;      11904;   3.000;.34000001;.09599999;.01600000;.49999997;1237.13598633;1236.10400391;1.03199995;800.21974945;18.84018707;224.64990234;17.33000183;896561152;623026176;      3;      2;      1;      1;      1;      2;      2;      2;;;;;;;;;;;;;;;;;;;;;;;;;;;;;;;;;;;;;;;;;;;;;;;;;;;;;;;;;;;;  17.330;  33.330;   0.640;  34.310;   0.000;   0.000; 100.930;   0.170;   0.070; 3; 6; 1;
17.05.2017 21:41:38;neon;          1;          4;          4;          4;          1;         64;      11904;   3.000;.34000000;.12399998;.01200002;.46399999;1235.58398438;1234.54797363;1.03600001;799.05001068;19.16996765;224.02006531;17.14999771;897503232;623968256;      3;      2;      1;      1;      1;      2;      2;      2;;;;;;;;;;;;;;;;;;;;;;;;;;;;;;;;;;;;;;;;;;;;;;;;;;;;;;;;;;;;  17.150;  33.260;   0.630;  34.450;   0.000;   0.000; 100.920;   0.190;   0.070; 3; 7; 1;
17.05.2017 22:08:16;neon;          1;          4;          4;          5;          1;         80;      14880;   3.000;.36800001;.15599999;.01600003;1.74400008;1594.17199707;1591.81201172;2.35999990;1001.35908508;28.53100586;279.31991577;22.07999802;1036955648;715595776;      0;      2;      0;*******;      0;      2;      2;      2;;;;;;;;;;;;;;;;;;;;;;;;;;;;;;;;;;;;;;;;;;;;;;;;;;;;;;;;;;;;  22.080;  41.530;   1.030;  53.460;   0.000;   0.000; 157.310;   0.270;   0.080; 1; 1; 1;
17.05.2017 22:34:52;neon;          1;          4;          4;          5;          1;         80;      14880;   3.000;.38400001;.09999999;.01600000;.62400001;1592.79602051;1591.58398438;1.21200001;997.99890900;27.56101990;280.53999329;22.34999084;1036886016;715526144;      2;      2;     23;     23;     23;      2;      2;      2;;;;;;;;;;;;;;;;;;;;;;;;;;;;;;;;;;;;;;;;;;;;;;;;;;;;;;;;;;;;  22.350;  42.250;   0.800;  52.430;   0.000;   0.000; 160.320;   0.210;   0.070; 2; 1; 1;
17.05.2017 23:01:34;neon;          1;          4;          4;          5;          1;         80;      14880;   3.000;.38800001;.09999999;.01600000;.63599998;1597.71203613;1596.44799805;1.26400006;1004.02970886;25.76036835;281.77993774;22.46000290;1033547776;712187904;      2;      2;     13;     13;     13;      2;      2;      2;;;;;;;;;;;;;;;;;;;;;;;;;;;;;;;;;;;;;;;;;;;;;;;;;;;;;;;;;;;;  22.460;  42.070;   0.770;  52.560;   0.000;   0.000; 159.860;   0.210;   0.070; 4; 1; 1;
17.05.2017 23:28:23;neon;          1;          4;          4;          5;          1;         80;      14880;   3.000;.40000001;.14799997;.01200002;.59599996;1604.43603516;1603.19201660;1.24399996;1001.13973236;25.67041016;290.64988708;22.51000595;1033080832;711720960;      2;      2;     24;     23;     24;      2;      2;      2;;;;;;;;;;;;;;;;;;;;;;;;;;;;;;;;;;;;;;;;;;;;;;;;;;;;;;;;;;;;  22.510;  41.990;   0.800;  52.430;   0.000;   0.000; 160.720;   0.190;   0.100; 3; 1; 1;
17.05.2017 23:55:04;neon;          1;          4;          4;          5;          1;         80;      14880;   3.000;.36000001;.14399999;.01599997;.71200001;1597.60400391;1596.24804688;1.35599995;1000.05954742;26.01047516;282.60990906;22.39999771;1033203712;711843840;      2;      2;     22;     22;     22;      2;      2;      2;;;;;;;;;;;;;;;;;;;;;;;;;;;;;;;;;;;;;;;;;;;;;;;;;;;;;;;;;;;;  22.400;  43.840;   0.800;  53.490;   0.000;   0.000; 159.550;   0.270;   0.090; 3; 2; 1;
18.05.2017 00:21:30;neon;          1;          4;          4;          5;          1;         80;      14880;   3.000;.40400001;.09999999;.01599997;.58000004;1581.91601562;1580.70800781;1.20799994;997.94995117;24.01026917;275.73025513;21.91999054;1034149888;712790016;      3;      2;      1;      1;      1;      2;      2;      2;;;;;;;;;;;;;;;;;;;;;;;;;;;;;;;;;;;;;;;;;;;;;;;;;;;;;;;;;;;;  21.920;  42.010;   0.830;  54.160;   0.000;   0.000; 156.810;   0.220;   0.060; 3; 3; 1;
18.05.2017 00:48:07;neon;          1;          4;          4;          5;          1;         80;      14880;   3.000;.40400001;.13200000;.01199996;.60399997;1593.50000000;1592.25195312;1.24800003;1001.96955872;25.79044342;281.02003479;22.44000244;1033420800;712060928;      2;      2;      9;      9;      9;      2;      2;      2;;;;;;;;;;;;;;;;;;;;;;;;;;;;;;;;;;;;;;;;;;;;;;;;;;;;;;;;;;;;  22.440;  41.500;   0.830;  53.670;   0.000;   0.000; 157.730;   0.200;   0.050; 3; 4; 1;
18.05.2017 01:14:37;neon;          1;          4;          4;          5;          1;         80;      14880;   3.000;.36799999;.12400001;.01200002;.67599994;1586.16003418;1584.86804199;1.29200006;1003.94997406;24.54985046;271.84025574;21.37000656;1033789440;712429568;      3;      2;      1;      1;      1;      2;      2;      2;;;;;;;;;;;;;;;;;;;;;;;;;;;;;;;;;;;;;;;;;;;;;;;;;;;;;;;;;;;;  21.370;  41.560;   0.800;  52.590;   0.000;   0.000; 160.840;   0.240;   0.080; 3; 5; 1;
18.05.2017 01:40:58;neon;          1;          4;          4;          5;          1;         80;      14880;   3.000;.39200001;.11599997;.01600003;.62799996;1577.63610840;1576.35205078;1.28400004;1001.32026672;23.97997284;268.89971924;21.36000061;1034166272;712806400;      3;      2;      1;      1;      1;      2;      2;      2;;;;;;;;;;;;;;;;;;;;;;;;;;;;;;;;;;;;;;;;;;;;;;;;;;;;;;;;;;;;  21.360;  41.560;   0.780;  53.670;   0.000;   0.000; 157.500;   0.200;   0.080; 3; 6; 1;
18.05.2017 02:07:54;neon;          1;          4;          4;          5;          1;         80;      14880;   3.000;.40399999;.14399999;.01600003;.64399999;1612.07202148;1610.73999023;1.33200002;1023.47951508;24.53047180;277.07954407;21.77000046;1035288576;713928704;      3;      2;      1;      1;      1;      2;      2;      2;;;;;;;;;;;;;;;;;;;;;;;;;;;;;;;;;;;;;;;;;;;;;;;;;;;;;;;;;;;;  21.770;  42.010;   0.810;  53.640;   0.000;   0.000; 160.180;   0.190;   0.090; 3; 7; 1;
18.05.2017 02:42:10;neon;          1;          4;          5;          5;          1;        100;      18600;   3.000;.50800002;.16799998;.01200002;2.08400005;2052.04809570;2049.17211914;2.87599993;1247.00991821;34.53001404;348.49995422;28.25000763;1210933248;820609024;      0;      2;      0;*******;      0;      2;      2;      2;;;;;;;;;;;;;;;;;;;;;;;;;;;;;;;;;;;;;;;;;;;;;;;;;;;;;;;;;;;;  28.250;  51.820;   1.290;  84.030;   0.000;   0.000; 244.400;   0.240;   0.100; 1; 1; 1;
18.05.2017 03:16:55;neon;          1;          4;          5;          5;          1;        100;      18600;   3.000;.48800001;.13600001;.01199996;.78400004;2081.93994141;2080.33203125;1.60800004;1257.31867981;34.41140747;363.98010254;29.34999466;1210761216;820436992;      2;      2;     23;     23;     23;      2;      2;      2;;;;;;;;;;;;;;;;;;;;;;;;;;;;;;;;;;;;;;;;;;;;;;;;;;;;;;;;;;;;  29.350;  52.600;   1.020;  83.220;   0.000;   0.000; 249.400;   0.250;   0.100; 2; 1; 1;
18.05.2017 03:51:32;neon;          1;          4;          5;          5;          1;        100;      18600;   3.000;.50800002;.12399995;.01200002;.76800001;2073.39990234;2071.82788086;1.57200003;1252.41101074;32.36895752;366.50987244;29.60001373;1206636544;816312320;      2;      2;     13;     13;     13;      2;      2;      2;;;;;;;;;;;;;;;;;;;;;;;;;;;;;;;;;;;;;;;;;;;;;;;;;;;;;;;;;;;;  29.600;  52.420;   0.990;  81.920;   0.000;   0.000; 246.440;   0.240;   0.070; 4; 1; 1;
18.05.2017 04:26:27;neon;          1;          4;          5;          5;          1;        100;      18600;   3.000;.51599998;.15200001;.01200002;1.39599991;2092.13989258;2089.98388672;2.15599990;1266.44934082;32.57064819;358.89051819;29.40999985;1206054912;815730688;      2;      2;     24;     23;     24;      2;      2;      2;;;;;;;;;;;;;;;;;;;;;;;;;;;;;;;;;;;;;;;;;;;;;;;;;;;;;;;;;;;;  29.410;  53.170;   1.010;  84.130;   0.000;   0.000; 255.110;   0.250;   0.080; 3; 1; 1;
18.05.2017 05:00:30;neon;          1;          4;          5;          5;          1;        100;      18600;   3.000;.46000001;.14399996;.01600003;.82799995;2039.42004395;2037.81201172;1.60800004;1239.07023621;32.23931885;346.62962341;28.64000702;1206218752;816828416;      2;      2;     22;     22;     22;      2;      2;      2;;;;;;;;;;;;;;;;;;;;;;;;;;;;;;;;;;;;;;;;;;;;;;;;;;;;;;;;;;;;  28.640;  54.790;   1.020;  83.500;   0.000;   0.000; 242.740;   0.270;   0.090; 3; 2; 1;
18.05.2017 05:33:11;neon;          1;          4;          5;          5;          1;        100;      18600;   3.000;.46799999;.14800000;.01200002;.79199994;1957.47998047;1955.91198730;1.56799996;1199.08981323;29.09016418;323.45999146;26.34999847;1207410688;817086464;      3;      2;      1;      1;      1;      2;      2;      2;;;;;;;;;;;;;;;;;;;;;;;;;;;;;;;;;;;;;;;;;;;;;;;;;;;;;;;;;;;;  26.350;  49.720;   1.020;  80.930;   0.000;   0.000; 237.400;   0.260;   0.070; 3; 3; 1;
18.05.2017 06:06:16;neon;          1;          4;          5;          5;          1;        100;      18600;   3.000;.50800002;.10799998;.01200002;.72799993;1982.13208008;1980.66003418;1.47200000;1202.54029846;31.39958191;340.91981506;27.64000320;1206489088;816164864;      2;      2;      9;      9;      9;      2;      2;      2;;;;;;;;;;;;;;;;;;;;;;;;;;;;;;;;;;;;;;;;;;;;;;;;;;;;;;;;;;;;  27.640;  49.840;   0.960;  80.970;   0.000;   0.000; 237.470;   0.210;   0.050; 3; 4; 1;
18.05.2017 06:39:03;neon;          1;          4;          5;          5;          1;        100;      18600;   3.000;.45600001;.21599999;.01599997;.67199999;1963.44799805;1961.96398926;1.48399997;1198.06001282;29.03981018;327.95980835;26.68000031;1206964224;816640000;      3;      2;      1;      1;      1;      2;      2;      2;;;;;;;;;;;;;;;;;;;;;;;;;;;;;;;;;;;;;;;;;;;;;;;;;;;;;;;;;;;;  26.680;  50.410;   1.000;  82.170;   0.000;   0.000; 237.480;   0.190;   0.120; 3; 5; 1;
18.05.2017 07:11:58;neon;          1;          4;          5;          5;          1;        100;      18600;   3.000;.45999999;.12800002;.01199996;.79600000;1971.79992676;1970.25598145;1.54400003;1198.07911682;29.29057312;337.67010498;27.67999649;1207398400;817074176;      3;      2;      1;      1;      1;      2;      2;      2;;;;;;;;;;;;;;;;;;;;;;;;;;;;;;;;;;;;;;;;;;;;;;;;;;;;;;;;;;;;  27.680;  49.830;   0.920;  80.840;   0.000;   0.000; 236.780;   0.290;   0.070; 3; 6; 1;
18.05.2017 07:45:03;neon;          1;          4;          5;          5;          1;        100;      18600;   3.000;.47200000;.13599998;.01200002;.79999995;1981.73999023;1980.19201660;1.54799998;1203.38063049;29.80943298;341.55993652;27.53999710;1208848384;818524160;      3;      2;      1;      1;      1;      2;      2;      2;;;;;;;;;;;;;;;;;;;;;;;;;;;;;;;;;;;;;;;;;;;;;;;;;;;;;;;;;;;;  27.540;  49.900;   1.050;  81.170;   0.000;   0.000; 236.870;   0.210;   0.070; 3; 7; 1;
18.05.2017 08:27:46;neon;          1;          5;          5;          5;          1;        125;      23250;   3.000;.51199997;.21200001;.01600003;2.61199993;2559.65600586;2556.14794922;3.50799990;1496.15093994;43.95887756;414.28012085;33.63000488;1432395776;969351168;      0;      2;      0;*******;      0;      2;      2;      2;;;;;;;;;;;;;;;;;;;;;;;;;;;;;;;;;;;;;;;;;;;;;;;;;;;;;;;;;;;;  33.630;  62.090;   1.600; 125.630;   0.000;   0.000; 367.320;   0.310;   0.100; 1; 1; 1;
18.05.2017 09:10:48;neon;          1;          5;          5;          5;          1;        125;      23250;   3.000;.51199997;.22000003;.01999998;1.18000001;2578.76391602;2576.69189453;2.07200003;1506.60038757;44.81962585;419.73965454;33.86000061;1432100864;969056256;      2;      2;     28;     28;     28;      2;      2;      2;;;;;;;;;;;;;;;;;;;;;;;;;;;;;;;;;;;;;;;;;;;;;;;;;;;;;;;;;;;;  33.860;  63.140;   1.270; 125.710;   0.000;   0.000; 369.640;   0.320;   0.140; 2; 1; 1;
18.05.2017 09:58:15;neon;          1;          5;          5;          5;          1;        125;      23250;   3.000;.49199999;.18800002;.01599997;1.32399994;2843.56811523;2841.41210938;2.15599990;1669.21966553;46.18078613;487.98013306;34.87999725;1427005440;963960832;      2;      2;     16;     16;     16;      2;      2;      2;;;;;;;;;;;;;;;;;;;;;;;;;;;;;;;;;;;;;;;;;;;;;;;;;;;;;;;;;;;;  34.880;  63.470;   1.240; 125.710;   0.000;   0.000; 400.880;   0.410;   0.090; 4; 1; 1;
18.05.2017 10:47:00;neon;          1;          5;          5;          5;          1;        125;      23250;   3.000;.52400000;.19599998;.02400005;1.19599998;2920.76416016;2918.68408203;2.07999992;1715.30043030;47.16983032;492.07983398;39.79999542;1426247680;964001792;      2;      2;     29;     29;     29;      2;      2;      2;;;;;;;;;;;;;;;;;;;;;;;;;;;;;;;;;;;;;;;;;;;;;;;;;;;;;;;;;;;;  39.800;  72.130;   1.470; 137.650;   0.000;   0.000; 400.550;   0.360;   0.140; 3; 1; 1;
18.05.2017 11:37:35;neon;          1;          5;          5;          5;          1;        125;      23250;   3.000;.48000001;.20399997;.02400005;1.61999995;3030.87988281;3028.40795898;2.47199988;1766.51927185;49.63040161;520.07983398;38.32000732;1426432000;963387392;      2;      2;     27;     27;     27;      2;      2;      2;;;;;;;;;;;;;;;;;;;;;;;;;;;;;;;;;;;;;;;;;;;;;;;;;;;;;;;;;;;;  38.320;  71.210;   1.460; 136.940;   0.000;   0.000; 431.350;   0.660;   0.160; 3; 2; 1;
18.05.2017 12:29:20;neon;          1;          5;          5;          5;          1;        125;      23250;   3.000;.51999998;.26800001;.01600003;1.60399997;3101.52001953;3098.94409180;2.57599998;1810.38055420;49.25854492;520.22998047;44.48000336;1427943424;964898816;      3;      2;      1;      1;      1;      2;      2;      2;;;;;;;;;;;;;;;;;;;;;;;;;;;;;;;;;;;;;;;;;;;;;;;;;;;;;;;;;;;;  44.480;  76.250;   1.730; 154.340;   0.000;   0.000; 428.430;   0.540;   0.180; 3; 3; 1;
18.05.2017 13:18:52;neon;          1;          5;          5;          5;          1;        125;      23250;   3.000;.54400003;.25999999;.02800000;2.22799993;2968.38403320;2965.18408203;3.20000005;1738.80975342;49.77957153;505.80026245;41.54000092;1426767872;964108288;      2;      2;     11;     11;     11;      2;      2;      2;;;;;;;;;;;;;;;;;;;;;;;;;;;;;;;;;;;;;;;;;;;;;;;;;;;;;;;;;;;;  41.540;  71.160;   1.570; 137.900;   0.000;   0.000; 405.760;   0.430;   0.150; 3; 4; 1;
18.05.2017 14:07:57;neon;          1;          5;          5;          5;          1;        125;      23250;   3.000;.52800002;.20400000;.01599997;1.35200000;2941.76782227;2939.48388672;2.28399992;1714.79217529;43.69763184;506.91995239;41.44999695;1427365888;964321280;      3;      2;      1;      1;      1;      2;      2;      2;;;;;;;;;;;;;;;;;;;;;;;;;;;;;;;;;;;;;;;;;;;;;;;;;;;;;;;;;;;;  41.450;  71.320;   1.470; 137.450;   0.000;   0.000; 409.650;   0.370;   0.130; 3; 5; 1;
18.05.2017 14:56:14;neon;          1;          5;          5;          5;          1;        125;      23250;   3.000;.54000003;.15199995;.02000004;1.33600003;2893.67993164;2891.47192383;2.20799994;1707.36210632;43.21864319;485.89971924;35.07999420;1427927040;964882432;      3;      2;      1;      1;      1;      2;      2;      2;;;;;;;;;;;;;;;;;;;;;;;;;;;;;;;;;;;;;;;;;;;;;;;;;;;;;;;;;;;;  35.080;  64.620;   1.320; 130.940;   0.000;   0.000; 410.360;   0.420;   0.090; 3; 6; 1;
